pid,start,end,label
1,1548226800,1548314400,systemd
10,1548226800,1548314400,"[lru-add-drain]"
10000,1548231900,1548289200,sh
10001,1548281100,1548289200,sh
10002,1548281100,,tee
10003,1548281100,,awk
10007,1548300900,,sh
10008,1548258300,1548300900,sh
10009,1548250500,1548258300,sar
10009,1548250500,1548258300,sh
10010,1548250500,,tee
10011,1548238800,1548250500,awk
10011,1548238800,1548250500,sar
10012,1548238800,1548250500,sadc
10012,1548238800,1548250500,sh
10012,1548238800,1548250500,tee
10013,1548238800,1548250500,awk
10013,1548238800,1548250500,sh
10014,1548238800,1548250500,sadc
10014,1548238800,1548250500,sh
10015,1548238800,,sh
10016,1548238800,,sh
10017,1548265800,,sar
10018,1548231900,1548265800,ps
10018,1548231900,1548265800,tee
10019,1548231900,1548289200,awk
10019,1548231900,1548289200,ps
10019,1548231900,1548289200,sh
10019,1548231900,1548289200,tee
10020,1548231900,1548289200,awk
10020,1548231900,1548289200,sadc
10020,1548231900,1548289200,sh
10020,1548231900,1548289200,tee
10021,1548265800,1548289200,awk
10021,1548265800,1548289200,sh
10022,1548265800,,sh
10026,1548300900,,ps
10027,1548300900,,tee
10028,1548300900,,awk
1003,1548245400,,ps
10030,1548258300,,sar
10031,1548258300,,tee
10032,1548250500,1548289200,awk
10032,1548250500,1548289200,ps
10032,1548250500,1548289200,sh
10033,1548250500,1548289200,sadc
10033,1548250500,1548289200,sh
10033,1548250500,1548289200,tee
10034,1548238800,1548258300,awk
10034,1548238800,1548258300,ps
10034,1548238800,1548258300,sh
10035,1548238800,1548258300,sh
10035,1548238800,1548258300,tee
10036,1548238800,,awk
10038,1548270000,,sar
10039,1548270000,,tee
1004,1548245400,,tee
10040,1548242700,1548270000,awk
10040,1548242700,1548270000,ps
10040,1548242700,1548270000,sh
10041,1548242700,1548270000,sadc
10041,1548242700,1548270000,tee
10042,1548242700,1548270000,awk
10042,1548242700,1548270000,sh
10043,1548270000,,sh
1005,1548245400,1548307800,awk
1005,1548245400,1548307800,sh
10052,1548238800,,"[splunkd"
10053,1548238800,1548258300,"[splunkd"
10053,1548238800,1548258300,ps
10054,1548258300,,tee
10055,1548250500,1548258300,awk
10055,1548250500,1548258300,sh
10056,1548250500,,sh
10058,1548265800,,sh
10059,1548265800,,sh
1006,1548249300,1548307800,sh
10060,1548289200,,sh
10061,1548289200,,tee
10062,1548289200,,awk
10066,1548281100,,sar
10067,1548281100,,sadc
10068,1548281100,,sh
10069,1548281100,,sh
1007,1548249300,,sh
10070,1548270000,,sh
10071,1548270000,,tee
10072,1548258300,1548270000,awk
10072,1548258300,1548270000,sh
10073,1548258300,1548300900,sh
10074,1548250500,1548300900,sar
10074,1548250500,1548300900,sh
10075,1548250500,,tee
10076,1548250500,,awk
10077,1548250500,,sadc
10078,1548250500,,sh
10079,1548250500,,sh
1008,1548264900,,sh
10086,1548265800,,sh
10087,1548265800,1548281100,ps
10087,1548265800,1548281100,tee
10088,1548265800,1548281100,awk
10088,1548265800,1548281100,tee
10089,1548281100,,awk
1009,1548264900,,sh
10090,1548235200,,sh
10091,1548235200,1548258300,sar
10091,1548235200,1548258300,sh
10092,1548258300,,tee
10093,1548258300,,awk
10094,1548231900,1548258300,sadc
10094,1548231900,1548258300,sh
10095,1548231900,1548300900,sar
10095,1548231900,1548300900,sh
10096,1548258300,1548300900,sh
10096,1548258300,1548300900,tee
10097,1548300900,,awk
10098,1548300900,,sadc
10099,1548300900,,sh
10100,1548250500,1548300900,sar
10100,1548250500,1548300900,sh
10101,1548250500,,tee
10102,1548250500,,awk
10103,1548250500,,sadc
10108,1548242700,,sar
10109,1548242700,,sadc
10112,1548235200,,sar
10113,1548235200,,tee
10114,1548235200,,awk
10115,1548235200,,sadc
10116,1548231900,1548235200,sar
10116,1548231900,1548235200,sh
10117,1548231900,1548258300,sar
10117,1548231900,1548258300,sh
10117,1548231900,1548258300,tee
10118,1548231900,1548300900,awk
10118,1548231900,1548300900,ps
10118,1548231900,1548300900,tee
10119,1548231900,1548300900,awk
10119,1548231900,1548300900,sadc
10119,1548231900,1548300900,tee
1012,1548226800,,ps
10120,1548231900,1548300900,awk
10120,1548231900,1548300900,sadc
10120,1548231900,1548300900,sh
10121,1548231900,1548258300,sh
10122,1548258300,,sh
10125,1548289200,,sar
10126,1548250500,1548308700,sadc
10126,1548250500,1548308700,sh
10127,1548250500,1548308700,sh
10128,1548289200,,sh
1013,1548226800,,tee
10132,1548242700,,sh
10133,1548242700,,sh
10135,1548235200,1548270000,ps
10135,1548235200,1548270000,sar
10136,1548235200,1548270000,sadc
10136,1548235200,1548270000,tee
10137,1548235200,1548270000,awk
10137,1548235200,1548270000,sh
10138,1548270000,,sh
10139,1548231900,,ps
1014,1548226800,,awk
10140,1548231900,1548258300,ps
10140,1548231900,1548258300,tee
10141,1548231900,1548258300,awk
10141,1548231900,1548258300,tee
10142,1548258300,,awk
10145,1548308700,,ps
10146,1548289200,1548308700,sar
10146,1548289200,1548308700,tee
10147,1548289200,1548308700,awk
10147,1548289200,1548308700,tee
10148,1548281100,1548289200,awk
10148,1548281100,1548289200,sar
10149,1548281100,1548289200,sadc
10149,1548281100,1548289200,tee
10150,1548281100,,awk
10151,1548242700,1548281100,ps
10151,1548242700,1548281100,sadc
10151,1548242700,1548281100,sar
10152,1548242700,1548281100,sadc
10152,1548242700,1548281100,sh
10152,1548242700,1548281100,tee
10153,1548235200,1548281100,awk
10153,1548235200,1548281100,sh
10154,1548235200,1548265800,sh
10155,1548250500,,tee
10156,1548250500,1548270000,awk
10156,1548250500,1548270000,ps
10157,1548270000,,tee
10158,1548270000,1548292800,awk
10158,1548270000,1548292800,sh
10159,1548292800,,sh
1016,1548284100,,"[splunkd"
10164,1548242700,,sh
10165,1548242700,,sh
1017,1548284100,,"[splunkd"
10171,1548281100,,ps
10172,1548235200,1548289200,sar
10172,1548235200,1548289200,sh
10172,1548235200,1548289200,tee
10173,1548235200,1548289200,awk
10173,1548235200,1548289200,sh
10173,1548235200,1548289200,tee
10174,1548235200,1548265800,awk
10175,1548235200,1548265800,sadc
10177,1548235200,1548281400,"[splunkd"
10177,1548235200,1548281400,sh
10178,1548235200,1548309000,"[splunkd"
10178,1548235200,1548309000,sh
10179,1548309000,,"[splunkd"
1018,1548280200,,sar
10180,1548292800,,sar
10181,1548292800,,tee
10182,1548292800,,awk
10183,1548292800,,sadc
10184,1548292800,,sh
10185,1548292800,,sh
10186,1548242700,,sar
10187,1548242700,,tee
10188,1548242700,,awk
10189,1548242700,,sadc
1019,1548230700,1548280200,"[kworker/u2:2]"
1019,1548230700,1548280200,sadc
10190,1548242700,,sh
10191,1548242700,,sh
10192,1548281400,,"[splunkd"
10193,1548281400,,"[splunkd"
10194,1548289200,,sar
10195,1548289200,,tee
10196,1548289200,,awk
10197,1548289200,,sadc
10198,1548265800,1548289200,sh
10199,1548235200,1548289200,sar
10199,1548235200,1548289200,sh
1020,1548280200,,sh
10200,1548235200,1548270000,sh
10200,1548235200,1548270000,tee
10201,1548235200,,awk
10202,1548235200,,sadc
10203,1548235200,1548292800,ps
10203,1548235200,1548292800,sh
10204,1548235200,1548292800,sh
10204,1548235200,1548292800,tee
10205,1548292800,,awk
10208,1548293100,,"[splunkd"
10209,1548242700,1548293100,"[splunkd"
10209,1548242700,1548293100,ps
1021,1548230700,1548280200,"[kworker/0:2]"
1021,1548230700,1548280200,sh
10210,1548242700,,tee
10211,1548242700,,awk
10215,1548312600,,"[splunkd"
10216,1548312600,,"[splunkd"
10217,1548265800,1548289200,ps
10218,1548265800,1548289200,tee
10219,1548250500,1548289200,awk
10219,1548250500,1548289200,sar
10220,1548250500,,sadc
10221,1548242700,1548270000,sar
10221,1548242700,1548270000,sh
10222,1548235200,1548270000,ps
10222,1548235200,1548270000,sh
10222,1548235200,1548270000,tee
10223,1548235200,1548270000,awk
10223,1548235200,1548270000,tee
10224,1548235200,1548270000,awk
10224,1548235200,1548270000,sadc
10225,1548270000,,sh
10226,1548270000,,sh
10229,1548289200,,sh
10230,1548289200,,sh
10236,1548293100,,sh
10237,1548293100,1548304800,sh
10239,1548304800,,sh
10240,1548242700,1548250500,ps
10240,1548242700,1548250500,sar
10241,1548242700,1548250500,tee
10242,1548242700,1548250500,awk
10243,1548242700,,sadc
10244,1548242700,1548270000,ps
10244,1548242700,1548270000,sh
10245,1548242700,1548270000,sh
10245,1548242700,1548270000,tee
10246,1548270000,,awk
10248,1548289200,,ps
10249,1548289200,,tee
10250,1548289200,,awk
10253,1548250500,,sh
10254,1548250500,1548285000,sh
10255,1548285000,1548293100,ps
10255,1548285000,1548293100,sh
10256,1548293100,,tee
10257,1548293100,,awk
10258,1548265800,1548304800,sar
10258,1548265800,1548304800,sh
10259,1548265800,1548304800,sh
10259,1548265800,1548304800,tee
10260,1548304800,,awk
10261,1548304800,,sadc
10266,1548242700,1548312600,sar
10266,1548242700,1548312600,sh
10267,1548242700,1548312600,sh
10267,1548242700,1548312600,tee
10268,1548242700,,awk
10269,1548242700,,sadc
1027,1548307800,,sar
10270,1548242700,,sh
10271,1548242700,,sh
10273,1548285000,1548300900,ps
10273,1548285000,1548300900,sh
10274,1548285000,1548300900,sh
10274,1548285000,1548300900,tee
10275,1548250500,1548285000,awk
10275,1548250500,1548285000,sar
10276,1548250500,,tee
10277,1548250500,,awk
10278,1548250500,,sadc
10279,1548250500,,sh
1028,1548249300,1548307800,sar
1028,1548249300,1548307800,tee
10280,1548250500,1548265800,sar
10280,1548250500,1548265800,sh
10281,1548265800,1548289200,"[splunkd"
10281,1548265800,1548289200,tee
10282,1548265800,1548289200,"[splunkd"
10282,1548265800,1548289200,awk
10283,1548265800,,sadc
10284,1548265800,,sh
10285,1548265800,,sh
10286,1548258300,,sh
10287,1548258300,,sh
10288,1548312600,,sar
10289,1548242700,1548312600,ps
10289,1548242700,1548312600,tee
1029,1548249300,1548307800,awk
1029,1548249300,1548307800,tee
10290,1548242700,1548312600,awk
10290,1548242700,1548312600,tee
10291,1548242700,1548312600,awk
10291,1548242700,1548312600,sadc
10292,1548312600,,sh
10293,1548312600,,sh
10295,1548270000,1548300900,sar
10295,1548270000,1548300900,sh
10296,1548270000,1548300900,sh
10296,1548270000,1548300900,tee
10297,1548300900,,awk
10298,1548250500,1548300900,ps
10298,1548250500,1548300900,sadc
10299,1548250500,1548300900,sh
10299,1548250500,1548300900,tee
1030,1548249300,1548307800,awk
1030,1548249300,1548307800,sadc
10300,1548250500,1548300900,awk
10300,1548250500,1548300900,sh
10303,1548265800,,ps
10304,1548265800,,tee
10305,1548265800,,awk
10308,1548258300,,sar
10309,1548258300,,tee
1031,1548249300,1548307800,sadc
1031,1548249300,1548307800,sh
10310,1548258300,,awk
10311,1548258300,1548312600,ps
10311,1548258300,1548312600,sadc
10311,1548258300,1548312600,sh
10312,1548258300,1548312600,"[splunkd"
10312,1548258300,1548312600,sh
10312,1548258300,1548312600,tee
10313,1548258300,1548312600,"[splunkd"
10313,1548258300,1548312600,awk
10313,1548258300,1548312600,sh
10314,1548270000,,sar
10315,1548270000,,tee
10316,1548270000,,awk
10317,1548270000,,sadc
10318,1548270000,1548300900,ps
10318,1548270000,1548300900,sh
10319,1548270000,1548300900,sh
10319,1548270000,1548300900,tee
1032,1548249300,1548307800,sh
10320,1548300900,,awk
10325,1548312600,,sh
10326,1548312600,,sh
1033,1548249300,,sh
10330,1548300900,,sh
10331,1548258300,1548300900,ps
10331,1548258300,1548300900,sh
10332,1548250500,1548304800,sh
10332,1548250500,1548304800,tee
10333,1548250500,1548304800,awk
10333,1548250500,1548304800,sar
10333,1548250500,1548304800,sh
10334,1548285000,,tee
10335,1548285000,,awk
10336,1548285000,,sadc
10337,1548285000,,sh
10338,1548285000,,sh
10340,1548231900,,sh
10341,1548231900,,sh
10344,1548312600,,ps
10345,1548312600,,tee
10346,1548270000,1548312600,awk
10346,1548270000,1548312600,sh
10347,1548270000,,tee
10348,1548270000,,awk
10349,1548300900,,ps
1035,1548230700,,sh
10350,1548300900,,tee
10351,1548300900,,awk
10354,1548250500,1548266100,sar
10354,1548250500,1548266100,sh
10355,1548250500,1548266100,sh
10355,1548250500,1548266100,tee
10356,1548250500,1548285000,awk
10356,1548250500,1548285000,ps
10357,1548250500,1548285000,sadc
10357,1548250500,1548285000,tee
10358,1548250500,1548285000,awk
10358,1548250500,1548285000,sh
10359,1548231900,1548250500,ps
10359,1548231900,1548250500,sh
1036,1548230700,1548264900,sh
10360,1548231900,,tee
10361,1548231900,,awk
10362,1548304800,,sh
10363,1548304800,,tee
10364,1548304800,,awk
1037,1548264900,,tee
10370,1548235200,,sh
10371,1548235200,1548258300,sh
10372,1548258300,,sh
10373,1548266100,1548277200,ps
10373,1548266100,1548277200,sh
10374,1548266100,1548277200,sh
10374,1548266100,1548277200,tee
10375,1548266100,,awk
10377,1548250500,,sar
10378,1548250500,,tee
10379,1548250500,,awk
1038,1548264900,,awk
10380,1548250500,,sadc
10383,1548250500,,sh
10384,1548250500,,sh
10388,1548231900,,"[splunkd"
10389,1548231900,,"[splunkd"
1039,1548311400,,sh
10392,1548235200,,sar
10393,1548235200,1548258300,sar
10393,1548235200,1548258300,tee
10394,1548235200,1548258300,awk
10394,1548235200,1548258300,tee
10395,1548235200,1548258300,awk
10395,1548235200,1548258300,sadc
10396,1548235200,1548258300,sadc
10396,1548235200,1548258300,sh
10397,1548235200,1548258300,sh
10398,1548258300,,sh
1040,1548311400,,sh
10402,1548250500,1548277200,ps
10402,1548250500,1548277200,sh
10403,1548250500,1548277200,tee
10404,1548250500,1548277200,awk
10411,1548270000,,sar
10412,1548270000,,sadc
10413,1548270000,,sh
10414,1548270000,,sh
10415,1548235200,,ps
10416,1548235200,1548258300,sar
10416,1548235200,1548258300,tee
10417,1548235200,1548258300,awk
10417,1548235200,1548258300,tee
10418,1548258300,,awk
10419,1548258300,,sadc
1042,1548280200,,sar
10422,1548235200,1548258300,"[splunkd"
10422,1548235200,1548258300,sh
10423,1548235200,1548258300,"[splunkd"
10423,1548235200,1548258300,sh
10425,1548254400,,sh
10426,1548254400,,sh
1043,1548280200,,tee
10430,1548242700,,sh
10431,1548242700,,sh
10434,1548304800,,sar
10435,1548270000,1548304800,sadc
10435,1548270000,1548304800,sar
10436,1548270000,,tee
10437,1548270000,,awk
10438,1548270000,,sadc
10439,1548270000,,sh
1044,1548280200,,awk
10440,1548270000,,sh
10441,1548258300,,ps
10442,1548258300,,tee
10443,1548258300,,awk
10445,1548254400,,sar
